<?xml version='1.0' encoding='UTF-8'?>
<questestinterop>
  <objectbank><section xmlns:d2l_2p0="http://desire2learn.com/xsd/d2lcp_v2p0" title="Stats Beta (Sharona) | S4: Statistical Graphs">
      <presentation_material>
        <flow_mat>
          <flow_mat>
            <material>
              <mattext texttype="text/html">I can interpret statistical graphs.</mattext>
            </material>
          </flow_mat>
        </flow_mat>
      </presentation_material>
      <sectionproc_extension>
        <d2l_2p0:display_section_name>yes</d2l_2p0:display_section_name>
        <d2l_2p0:display_section_line>no</d2l_2p0:display_section_line>
        <d2l_2p0:type_display_section>1</d2l_2p0:type_display_section>
      </sectionproc_extension>
    <item>
        <itemmetadata>
          <qtimetadata>
            <qti_metadatafield>
              <fieldlabel>qmd_questiontype</fieldlabel>
              <fieldentry>Long Answer</fieldentry>
            </qti_metadatafield>
            <qti_metadatafield>
              <fieldlabel>qmd_weighting</fieldlabel>
              <fieldentry>1.000000000</fieldentry>
            </qti_metadatafield>
          </qtimetadata>
        </itemmetadata>
        <itemproc_extension>
          <d2l_2p0:difficulty>1</d2l_2p0:difficulty>
          <d2l_2p0:isbonus>no</d2l_2p0:isbonus>
          <d2l_2p0:ismandatory>no</d2l_2p0:ismandatory>
        </itemproc_extension>
        <presentation>
          <flow>
            <material>
              <mattext texttype="text/html">&lt;div class="exercise-statement"&gt; &lt;p&gt; A critical component to our understanding of statistics is being able to read and understand graphs. It is also critical that we be able to look at graphs and identify any flaws they might have. Be sure to answer ALL the questions. &lt;/p&gt; &lt;p&gt; Use the graph below to answer the questions. &lt;/p&gt;
&lt;ol type="a"&gt;
&lt;li&gt;What type of graph is this?&lt;/li&gt;
&lt;li&gt;What percent of all applicants to Harvard are accepted? What information in the graph tells you this answer?&lt;/li&gt;
&lt;li&gt;What do the yellow bars on the graph mean in the context of the real world?&lt;/li&gt;
&lt;li&gt;According to the graph, how many applicants were accepted by Cornell for the class of 2020?&lt;/li&gt;
&lt;/ol&gt;  &lt;figure&gt;&lt;img src="assets/S4/1101.png" alt="A full description for accessibility."&gt;&lt;figcaption&gt;Short description&lt;/figcaption&gt;&lt;/figure&gt; &lt;/div&gt;

</mattext>
            </material>
            <response_extension>
              <d2l_2p0:has_signed_comments>no</d2l_2p0:has_signed_comments>
              <d2l_2p0:has_htmleditor>yes</d2l_2p0:has_htmleditor>
              <d2l_2p0:has_fileupload>yes</d2l_2p0:has_fileupload>
            </response_extension>
            <response_str rcardinality="Multiple">
              <render_fib columns="100" fibtype="String" prompt="Box" rows="15">
                <response_label>
                  <material>
                    <mattext texttype="text/plain"/>
                  </material>
                </response_label>
              </render_fib>
            </response_str>
          </flow>
        </presentation>
        <answer_key>
          <answer_key_material>
            <flow_mat>
              <material>
                <mattext texttype="text/html">&lt;div class="exercise-answer"&gt;
&lt;h4&gt;Partial Answer:&lt;/h4&gt; Partial Solution: &lt;ol type="a"&gt;
&lt;li&gt;bar graph&lt;/li&gt;
&lt;li&gt;5.22%&lt;/li&gt;
&lt;li&gt;number of people that applied to that college&lt;/li&gt;
&lt;li&gt;6277&lt;/li&gt;
&lt;/ol&gt; &lt;/div&gt;

</mattext>
              </material>
            </flow_mat>
          </answer_key_material>
        </answer_key>
      </item><item>
        <itemmetadata>
          <qtimetadata>
            <qti_metadatafield>
              <fieldlabel>qmd_questiontype</fieldlabel>
              <fieldentry>Long Answer</fieldentry>
            </qti_metadatafield>
            <qti_metadatafield>
              <fieldlabel>qmd_weighting</fieldlabel>
              <fieldentry>1.000000000</fieldentry>
            </qti_metadatafield>
          </qtimetadata>
        </itemmetadata>
        <itemproc_extension>
          <d2l_2p0:difficulty>1</d2l_2p0:difficulty>
          <d2l_2p0:isbonus>no</d2l_2p0:isbonus>
          <d2l_2p0:ismandatory>no</d2l_2p0:ismandatory>
        </itemproc_extension>
        <presentation>
          <flow>
            <material>
              <mattext texttype="text/html">&lt;div class="exercise-statement"&gt; &lt;p&gt; A critical component to our understanding of statistics is being able to read and understand graphs. It is also critical that we be able to look at graphs and identify any flaws they might have. Be sure to answer ALL the questions. &lt;/p&gt; &lt;p&gt; Use the graph below to answer the questions. &lt;/p&gt;
&lt;ol type="a"&gt;
&lt;li&gt;What type of graph is this?&lt;/li&gt;
&lt;li&gt;What percent of all applicants to Yale are accepted? What information in the graph tells you this answer?&lt;/li&gt;
&lt;li&gt;What do the blue bars on the graph mean in the context of the real world?&lt;/li&gt;
&lt;li&gt;According to the graph, how many applicants applied to UPenn for the class of 2020?&lt;/li&gt;
&lt;/ol&gt;  &lt;figure&gt;&lt;img src="assets/S4/1101.png" alt="A full description for accessibility."&gt;&lt;figcaption&gt;Short description&lt;/figcaption&gt;&lt;/figure&gt; &lt;/div&gt;

</mattext>
            </material>
            <response_extension>
              <d2l_2p0:has_signed_comments>no</d2l_2p0:has_signed_comments>
              <d2l_2p0:has_htmleditor>yes</d2l_2p0:has_htmleditor>
              <d2l_2p0:has_fileupload>yes</d2l_2p0:has_fileupload>
            </response_extension>
            <response_str rcardinality="Multiple">
              <render_fib columns="100" fibtype="String" prompt="Box" rows="15">
                <response_label>
                  <material>
                    <mattext texttype="text/plain"/>
                  </material>
                </response_label>
              </render_fib>
            </response_str>
          </flow>
        </presentation>
        <answer_key>
          <answer_key_material>
            <flow_mat>
              <material>
                <mattext texttype="text/html">&lt;div class="exercise-answer"&gt;
&lt;h4&gt;Partial Answer:&lt;/h4&gt; Partial Solution: &lt;ol type="a"&gt;
&lt;li&gt;bar graph&lt;/li&gt;
&lt;li&gt;6.27%&lt;/li&gt;
&lt;li&gt;number of people that were accepted to that college&lt;/li&gt;
&lt;li&gt;38918&lt;/li&gt;
&lt;/ol&gt; &lt;/div&gt;

</mattext>
              </material>
            </flow_mat>
          </answer_key_material>
        </answer_key>
      </item><item>
        <itemmetadata>
          <qtimetadata>
            <qti_metadatafield>
              <fieldlabel>qmd_questiontype</fieldlabel>
              <fieldentry>Long Answer</fieldentry>
            </qti_metadatafield>
            <qti_metadatafield>
              <fieldlabel>qmd_weighting</fieldlabel>
              <fieldentry>1.000000000</fieldentry>
            </qti_metadatafield>
          </qtimetadata>
        </itemmetadata>
        <itemproc_extension>
          <d2l_2p0:difficulty>1</d2l_2p0:difficulty>
          <d2l_2p0:isbonus>no</d2l_2p0:isbonus>
          <d2l_2p0:ismandatory>no</d2l_2p0:ismandatory>
        </itemproc_extension>
        <presentation>
          <flow>
            <material>
              <mattext texttype="text/html">&lt;div class="exercise-statement"&gt; &lt;p&gt; A critical component to our understanding of statistics is being able to read and understand graphs. It is also critical that we be able to look at graphs and identify any flaws they might have. Be sure to answer ALL the questions. &lt;/p&gt; &lt;p&gt; Use the graph below to answer the questions. &lt;/p&gt;
&lt;ol type="a"&gt;
&lt;li&gt;What type of graph is this?&lt;/li&gt;
&lt;li&gt;What percent of all applicants to Dartmouth are accepted? What information in the graph tells you this answer?&lt;/li&gt;
&lt;li&gt;What do the yellow bars on the graph mean in the context of the real world?&lt;/li&gt;
&lt;li&gt;According to the graph, how many applicants were accepted by Harvard for the class of 2020?&lt;/li&gt;
&lt;/ol&gt;  &lt;figure&gt;&lt;img src="assets/S4/1101.png" alt="A full description for accessibility."&gt;&lt;figcaption&gt;Short description&lt;/figcaption&gt;&lt;/figure&gt; &lt;/div&gt;

</mattext>
            </material>
            <response_extension>
              <d2l_2p0:has_signed_comments>no</d2l_2p0:has_signed_comments>
              <d2l_2p0:has_htmleditor>yes</d2l_2p0:has_htmleditor>
              <d2l_2p0:has_fileupload>yes</d2l_2p0:has_fileupload>
            </response_extension>
            <response_str rcardinality="Multiple">
              <render_fib columns="100" fibtype="String" prompt="Box" rows="15">
                <response_label>
                  <material>
                    <mattext texttype="text/plain"/>
                  </material>
                </response_label>
              </render_fib>
            </response_str>
          </flow>
        </presentation>
        <answer_key>
          <answer_key_material>
            <flow_mat>
              <material>
                <mattext texttype="text/html">&lt;div class="exercise-answer"&gt;
&lt;h4&gt;Partial Answer:&lt;/h4&gt; Partial Solution: &lt;ol type="a"&gt;
&lt;li&gt;bar graph&lt;/li&gt;
&lt;li&gt;10.52%&lt;/li&gt;
&lt;li&gt;number of people that applied to that college&lt;/li&gt;
&lt;li&gt;2037&lt;/li&gt;
&lt;/ol&gt; &lt;/div&gt;

</mattext>
              </material>
            </flow_mat>
          </answer_key_material>
        </answer_key>
      </item><item>
        <itemmetadata>
          <qtimetadata>
            <qti_metadatafield>
              <fieldlabel>qmd_questiontype</fieldlabel>
              <fieldentry>Long Answer</fieldentry>
            </qti_metadatafield>
            <qti_metadatafield>
              <fieldlabel>qmd_weighting</fieldlabel>
              <fieldentry>1.000000000</fieldentry>
            </qti_metadatafield>
          </qtimetadata>
        </itemmetadata>
        <itemproc_extension>
          <d2l_2p0:difficulty>1</d2l_2p0:difficulty>
          <d2l_2p0:isbonus>no</d2l_2p0:isbonus>
          <d2l_2p0:ismandatory>no</d2l_2p0:ismandatory>
        </itemproc_extension>
        <presentation>
          <flow>
            <material>
              <mattext texttype="text/html">&lt;div class="exercise-statement"&gt; &lt;p&gt; A critical component to our understanding of statistics is being able to read and understand graphs. It is also critical that we be able to look at graphs and identify any flaws they might have. Be sure to answer ALL the questions. &lt;/p&gt; &lt;p&gt; Use the graph below to answer the questions. &lt;/p&gt;
&lt;ol type="a"&gt;
&lt;li&gt;What type of graph is this?&lt;/li&gt;
&lt;li&gt;What percent of all applicants to Princeton are accepted? What information in the graph tells you this answer?&lt;/li&gt;
&lt;li&gt;What do the blue bars on the graph mean in the context of the real world?&lt;/li&gt;
&lt;li&gt;According to the graph, how many applicants applied to Dartmouth for the class of 2020?&lt;/li&gt;
&lt;/ol&gt;  &lt;figure&gt;&lt;img src="assets/S4/1101.png" alt="A full description for accessibility."&gt;&lt;figcaption&gt;Short description&lt;/figcaption&gt;&lt;/figure&gt; &lt;/div&gt;

</mattext>
            </material>
            <response_extension>
              <d2l_2p0:has_signed_comments>no</d2l_2p0:has_signed_comments>
              <d2l_2p0:has_htmleditor>yes</d2l_2p0:has_htmleditor>
              <d2l_2p0:has_fileupload>yes</d2l_2p0:has_fileupload>
            </response_extension>
            <response_str rcardinality="Multiple">
              <render_fib columns="100" fibtype="String" prompt="Box" rows="15">
                <response_label>
                  <material>
                    <mattext texttype="text/plain"/>
                  </material>
                </response_label>
              </render_fib>
            </response_str>
          </flow>
        </presentation>
        <answer_key>
          <answer_key_material>
            <flow_mat>
              <material>
                <mattext texttype="text/html">&lt;div class="exercise-answer"&gt;
&lt;h4&gt;Partial Answer:&lt;/h4&gt; Partial Solution: &lt;ol type="a"&gt;
&lt;li&gt;bar graph&lt;/li&gt;
&lt;li&gt;6.46%&lt;/li&gt;
&lt;li&gt;number of people that were accepted to that college&lt;/li&gt;
&lt;li&gt;20675&lt;/li&gt;
&lt;/ol&gt; &lt;/div&gt;

</mattext>
              </material>
            </flow_mat>
          </answer_key_material>
        </answer_key>
      </item><item>
        <itemmetadata>
          <qtimetadata>
            <qti_metadatafield>
              <fieldlabel>qmd_questiontype</fieldlabel>
              <fieldentry>Long Answer</fieldentry>
            </qti_metadatafield>
            <qti_metadatafield>
              <fieldlabel>qmd_weighting</fieldlabel>
              <fieldentry>1.000000000</fieldentry>
            </qti_metadatafield>
          </qtimetadata>
        </itemmetadata>
        <itemproc_extension>
          <d2l_2p0:difficulty>1</d2l_2p0:difficulty>
          <d2l_2p0:isbonus>no</d2l_2p0:isbonus>
          <d2l_2p0:ismandatory>no</d2l_2p0:ismandatory>
        </itemproc_extension>
        <presentation>
          <flow>
            <material>
              <mattext texttype="text/html">&lt;div class="exercise-statement"&gt; &lt;p&gt; A critical component to our understanding of statistics is being able to read and understand graphs. It is also critical that we be able to look at graphs and identify any flaws they might have. Be sure to answer ALL the questions. &lt;/p&gt; &lt;p&gt; Use the graph below to answer the questions. &lt;/p&gt;
&lt;ol type="a"&gt;
&lt;li&gt;What type of graph is this?&lt;/li&gt;
&lt;li&gt;What percent of all applicants to Brown are accepted? What information in the graph tells you this answer?&lt;/li&gt;
&lt;li&gt;What do the yellow bars on the graph mean in the context of the real world?&lt;/li&gt;
&lt;li&gt;According to the graph, how many applicants were accepted by UPenn for the class of 2020?&lt;/li&gt;
&lt;/ol&gt;  &lt;figure&gt;&lt;img src="assets/S4/1101.png" alt="A full description for accessibility."&gt;&lt;figcaption&gt;Short description&lt;/figcaption&gt;&lt;/figure&gt; &lt;/div&gt;

</mattext>
            </material>
            <response_extension>
              <d2l_2p0:has_signed_comments>no</d2l_2p0:has_signed_comments>
              <d2l_2p0:has_htmleditor>yes</d2l_2p0:has_htmleditor>
              <d2l_2p0:has_fileupload>yes</d2l_2p0:has_fileupload>
            </response_extension>
            <response_str rcardinality="Multiple">
              <render_fib columns="100" fibtype="String" prompt="Box" rows="15">
                <response_label>
                  <material>
                    <mattext texttype="text/plain"/>
                  </material>
                </response_label>
              </render_fib>
            </response_str>
          </flow>
        </presentation>
        <answer_key>
          <answer_key_material>
            <flow_mat>
              <material>
                <mattext texttype="text/html">&lt;div class="exercise-answer"&gt;
&lt;h4&gt;Partial Answer:&lt;/h4&gt; Partial Solution: &lt;ol type="a"&gt;
&lt;li&gt;bar graph&lt;/li&gt;
&lt;li&gt;9.01%&lt;/li&gt;
&lt;li&gt;number of people that applied to that college&lt;/li&gt;
&lt;li&gt;3661&lt;/li&gt;
&lt;/ol&gt; &lt;/div&gt;

</mattext>
              </material>
            </flow_mat>
          </answer_key_material>
        </answer_key>
      </item></section></objectbank>
</questestinterop>